{
  "scenario": "mixed",
  "single_shard": {
    "p95": 928.9569285999999,
    "avg": 325.14969581135045
  },
  "cross_shard": {
    "p95": 949.9478989,
    "avg": 359.5943425232275
  },
  "total_requests": 4381,
  "tps": 143.46006932551555,
  "error_rate": 0,
  "overall_p95": 935.676292
}