{
  "run_id": "1776486003410-bkn6wpk7",
  "scenario": "cross_shard",
  "single_shard": {
    "p95": 0,
    "avg": 0
  },
  "cross_shard": {
    "p95": 714.9125369999996,
    "avg": 463.29005123578577
  },
  "total_requests": 6349,
  "tps": 105.15541767842043,
  "error_rate": 0,
  "overall_p95": 714.9125369999996
}