{
  "scenario": "single_shard",
  "single_shard": {
    "p95": 706.4234466999994,
    "avg": 322.5414796358485
  },
  "cross_shard": {
    "p95": 0,
    "avg": 0
  },
  "total_requests": 9367,
  "tps": 128.7747510366421,
  "error_rate": 0.04825451051564001,
  "overall_p95": 706.4234466999994
}