{
  "scenario": "cross_shard",
  "single_shard": {
    "p95": 0,
    "avg": 0
  },
  "cross_shard": {
    "p95": 843.7354631999999,
    "avg": 491.96861487747367
  },
  "total_requests": 1314,
  "tps": 96.65178465393878,
  "error_rate": 0,
  "overall_p95": 843.7354631999999
}