{
  "scenario": "single_shard",
  "single_shard": {
    "p95": 30007.04703175,
    "avg": 18310.400795475613
  },
  "cross_shard": {
    "p95": 0,
    "avg": 0
  },
  "total_requests": 164,
  "tps": 2.7203729522821143,
  "error_rate": 0.12804878048780488,
  "overall_p95": 30007.04703175
}