{
  "scenario": "mixed",
  "single_shard": {
    "p95": 524.0809999999999,
    "avg": 233.93539343200717
  },
  "cross_shard": {
    "p95": 1096.8725,
    "avg": 634.8111635977335
  },
  "total_requests": 5030,
  "tps": 164.90818479449885,
  "error_rate": 0,
  "overall_p95": 728.894530000001
}