{
  "scenario": "single_shard",
  "single_shard": {
    "p95": 1033.9390750999999,
    "avg": 541.2632698809778
  },
  "cross_shard": {
    "p95": 0,
    "avg": 0
  },
  "total_requests": 2739,
  "tps": 89.86043798506007,
  "error_rate": 0,
  "overall_p95": 1033.9390750999999
}