{
  "run_id": "1776486076986-9be3wuwb",
  "scenario": "mixed",
  "single_shard": {
    "p95": 592.2268307999999,
    "avg": 283.01127423229514
  },
  "cross_shard": {
    "p95": 727.4067652999996,
    "avg": 410.89609755306134
  },
  "total_requests": 9298,
  "tps": 154.1328536084848,
  "error_rate": 0,
  "overall_p95": 617.6029681999999
}